-- Creature

INSERT INTO `creature` VALUES (280010331, 5000200, 1, 1637, 5170, '0', 0, 0, 0, -1, 0, 0, 1591.14, -4430.77, 14.1959, 1.15354, 300, 0, 0, 43361, 0, 0, 0, 0, 0, 0, 0, '', 0);
INSERT INTO `creature` VALUES (280009409, 5000200, 0, 6170, 9, '0', 0, 0, 0, -1, 0, 0, -8930.67, -132.907, 81.9334, 0.457082, 300, 0, 0, 43361, 0, 0, 0, 0, 0, 0, 0, '', 0);
INSERT INTO `creature` VALUES (280010139, 5000200, 1860, 9359, 9359, '0', 0, 0, 0, -1, 0, 0, 470.641, 1455.7, 757.573, 3.59231, 300, 0, 0, 43361, 0, 0, 0, 0, 0, 0, 0, '', 0);
INSERT INTO `creature` VALUES (280010130, 5000200, 1, 6453, 5691, '0', 0, 0, 0, -1, 0, 0, -1160.65, -5278.14, 1.01451, 2.62271, 300, 0, 0, 43361, 0, 0, 0, 0, 0, 0, 0, '', 0);
INSERT INTO `creature` VALUES (280010143, 5000200, 2081, 10028, 10028, '0', 0, 0, 0, -1, 0, 0, 1635.54, 511.363, 201.398, 1.41214, 300, 0, 0, 43361, 0, 0, 0, 0, 0, 0, 0, '', 0);
INSERT INTO `creature` VALUES (280009412, 5000200, 0, 6176, 132, '0', 0, 0, 0, -1, 0, 0, -6221.01, 339.763, 383.181, 4.24115, 300, 0, 0, 43361, 0, 0, 0, 0, 0, 0, 0, '', 0);
INSERT INTO `creature` VALUES (280009586, 5000200, 1, 1637, 5332, '0', 0, 0, 0, -1, 0, 0, 1563.41, -4202.11, 53.9077, 1.19476, 300, 0, 0, 43361, 0, 0, 0, 0, 0, 0, 0, '', 0);
INSERT INTO `creature` VALUES (280009624, 5000200, 648, 4737, 4765, '0', 0, 0, 0, -1, 0, 0, -8428.55, 1338.03, 102.325, 0.0431933, 300, 0, 0, 43361, 0, 0, 0, 0, 0, 0, 0, '', 0);
INSERT INTO `creature` VALUES (280009417, 5000200, 1, 6450, 188, '0', 0, 0, 0, -1, 0, 0, 10314.5, 834.77, 1326.4, 5.78585, 300, 0, 0, 43361, 0, 0, 0, 0, 0, 0, 0, '', 0);
INSERT INTO `creature` VALUES (280009420, 5000200, 0, 1, 1, '0', 0, 0, 0, -1, 0, 0, -4976.3, 869.244, 274.31, 3.48804, 300, 0, 0, 43361, 0, 0, 0, 0, 0, 0, 0, '', 0);
INSERT INTO `creature` VALUES (280009423, 5000200, 530, 6456, 3526, '0', 0, 0, 0, -1, 0, 0, -3976.2, -13911.6, 98.7547, 5.55509, 300, 0, 0, 43361, 0, 0, 0, 0, 0, 0, 0, '', 0);
INSERT INTO `creature` VALUES (280009427, 5000200, 654, 4755, 4756, '0', 0, 0, 0, -1, 0, 0, -1435.68, 1410.13, 35.556, 3.18092, 300, 0, 0, 43361, 0, 0, 0, 0, 0, 0, 0, '', 0);
INSERT INTO `creature` VALUES (280009430, 5000200, 1, 6451, 363, '0', 0, 0, 0, -1, 0, 0, -606.446, -4248.62, 38.9565, 2.83137, 300, 0, 0, 43361, 0, 0, 0, 0, 0, 0, 0, '', 0);
INSERT INTO `creature` VALUES (280009433, 5000200, 0, 6454, 5692, '0', 0, 0, 0, -1, 0, 0, 1684.91, 1683.13, 137.302, 0.213698, 300, 0, 0, 43361, 0, 0, 0, 0, 0, 0, 0, '', 0);
INSERT INTO `creature` VALUES (280009436, 5000200, 1, 6452, 221, '0', 0, 0, 0, -1, 0, 0, -2920.08, -267.094, 59.9268, 0.899276, 300, 0, 0, 43361, 0, 0, 0, 0, 0, 0, 0, '', 0);
INSERT INTO `creature` VALUES (280009443, 5000200, 530, 6455, 3431, '0', 0, 0, 0, -1, 0, 0, 10361.9, -6368.83, 36.133, 1.99146, 300, 0, 0, 43361, 0, 0, 0, 0, 0, 0, 0, '', 0);
INSERT INTO `creature` VALUES (280009446, 5000200, 860, 5736, 5834, '0', 0, 0, 0, -1, 0, 0, 1426.29, 3472.54, 170.71, 5.57196, 300, 0, 0, 43361, 0, 0, 0, 0, 0, 0, 0, '', 0);
INSERT INTO `creature` VALUES (280009449, 5000200, 1865, 9415, 9415, '0', 0, 0, 0, -1, 0, 0, 2138.46, 3307.5, 54.7945, 2.10574, 300, 0, 0, 43361, 0, 0, 0, 0, 0, 0, 0, '', 0);
INSERT INTO `creature` VALUES (280009453, 5000200, 0, 1519, 9171, '0', 0, 0, 0, -1, 0, 0, -8183.26, 800.847, 74.6538, 5.07847, 300, 0, 0, 43361, 0, 0, 0, 0, 0, 0, 0, '', 0);
INSERT INTO `creature` VALUES (280009457, 5000200, 1220, 7637, 9502, '0', 0, 0, 0, -1, 0, 0, 274.08, 3357.84, 145.444, 5.89839, 300, 0, 0, 43361, 0, 0, 0, 0, 0, 0, 0, '', 0);
INSERT INTO `creature` VALUES (280009463, 5000200, 1220, 7503, 7731, '0', 0, 0, 0, -1, 0, 0, 4099.13, 4383.82, 670.625, 3.09867, 300, 0, 0, 43361, 0, 0, 0, 0, 0, 0, 0, '', 0);
INSERT INTO `creature` VALUES (280009467, 5000200, 609, 4298, 4356, '0', 0, 0, 0, -1, 0, 0, 2354.72, -5647.6, 426.085, 4.30555, 300, 0, 0, 43361, 0, 0, 0, 0, 0, 0, 0, '', 0);
INSERT INTO `creature` VALUES (280010334, 5000200, 0, 1519, 5148, '0', 0, 0, 0, -1, 0, 0, -8848.05, 631.526, 95.1771, 0.360584, 300, 0, 0, 43361, 0, 0, 0, 0, 0, 0, 0, '', 0);

INSERT INTO `creature` VALUES (280010332, 5000201, 1, 1637, 5170, '0', 0, 0, 0, -1, 0, 0, 1586.54, -4426.28, 14.5821, 0.375994, 300, 0, 0, 43361, 0, 0, 0, 0, 0, 0, 0, '', 0);
INSERT INTO `creature` VALUES (280010140, 5000201, 1860, 9359, 9359, '0', 0, 0, 0, -1, 0, 0, 475.953, 1453.06, 757.479, 3.44308, 300, 0, 0, 43361, 0, 0, 0, 0, 0, 0, 0, '', 0);
INSERT INTO `creature` VALUES (280010131, 5000201, 1, 6453, 5691, '0', 0, 0, 0, -1, 0, 0, -1161.2, -5281.43, 1.2186, 2.52454, 300, 0, 0, 43361, 0, 0, 0, 0, 0, 0, 0, '', 0);
INSERT INTO `creature` VALUES (280010144, 5000201, 2081, 10028, 10028, '0', 0, 0, 0, -1, 0, 0, 1639.39, 511.24, 201.398, 1.69881, 300, 0, 0, 43361, 0, 0, 0, 0, 0, 0, 0, '', 0);
INSERT INTO `creature` VALUES (280009413, 5000201, 0, 6176, 132, '0', 0, 0, 0, -1, 0, 0, -6217.93, 337.826, 383.223, 3.87752, 300, 0, 0, 43361, 0, 0, 0, 0, 0, 0, 0, '', 0);
INSERT INTO `creature` VALUES (280009410, 5000201, 0, 6170, 9, '0', 0, 0, 0, -1, 0, 0, -8933.63, -131.164, 82.1377, 0.75946, 300, 0, 0, 43361, 0, 0, 0, 0, 0, 0, 0, '', 0);
INSERT INTO `creature` VALUES (280009625, 5000201, 648, 4737, 4765, '0', 0, 0, 0, -1, 0, 0, -8428.42, 1335, 102.276, 0.0431933, 300, 0, 0, 43361, 0, 0, 0, 0, 0, 0, 0, '', 0);
INSERT INTO `creature` VALUES (280009418, 5000201, 1, 6450, 188, '0', 0, 0, 0, -1, 0, 0, 10317.2, 837.525, 1326.42, 5.25806, 300, 0, 0, 43361, 0, 0, 0, 0, 0, 0, 0, '', 0);
INSERT INTO `creature` VALUES (280009421, 5000201, 0, 1, 5495, '0', 0, 0, 0, -1, 0, 0, -4977.46, 872.387, 274.31, 3.68046, 300, 0, 0, 43361, 0, 0, 0, 0, 0, 0, 0, '', 0);
INSERT INTO `creature` VALUES (280009425, 5000201, 530, 6456, 3526, '0', 0, 0, 0, -1, 0, 0, -3966.43, -13909.4, 99.5544, 4.56864, 300, 0, 0, 43361, 0, 0, 0, 0, 0, 0, 0, '', 0);
INSERT INTO `creature` VALUES (280009428, 5000201, 654, 4755, 4756, '0', 0, 0, 0, -1, 0, 0, -1435.58, 1407.16, 35.556, 3.17699, 300, 0, 0, 43361, 0, 0, 0, 0, 0, 0, 0, '', 0);
INSERT INTO `creature` VALUES (280009431, 5000201, 1, 6451, 363, '0', 0, 0, 0, -1, 0, 0, -605.475, -4244.61, 38.9565, 3.60106, 300, 0, 0, 43361, 0, 0, 0, 0, 0, 0, 0, '', 0);
INSERT INTO `creature` VALUES (280009434, 5000201, 0, 6454, 5692, '0', 0, 0, 0, -1, 0, 0, 1686.38, 1690.44, 137.335, 0.162647, 300, 0, 0, 43361, 0, 0, 0, 0, 0, 0, 0, '', 0);
INSERT INTO `creature` VALUES (280009438, 5000201, 1, 6452, 221, '0', 0, 0, 0, -1, 0, 0, -2916.18, -269.874, 60.0374, 1.11133, 300, 0, 0, 43361, 0, 0, 0, 0, 0, 0, 0, '', 0);
INSERT INTO `creature` VALUES (280009444, 5000201, 530, 6455, 3431, '0', 0, 0, 0, -1, 0, 0, 10364.9, -6368, 36.0671, 2.29776, 300, 0, 0, 43361, 0, 0, 0, 0, 0, 0, 0, '', 0);
INSERT INTO `creature` VALUES (280009447, 5000201, 860, 5736, 5834, '0', 0, 0, 0, -1, 0, 0, 1421.5, 3468.85, 170.431, 5.85706, 300, 0, 0, 43361, 0, 0, 0, 0, 0, 0, 0, '', 0);
INSERT INTO `creature` VALUES (280009450, 5000201, 1865, 9415, 9415, '0', 0, 0, 0, -1, 0, 0, 2134.92, 3304.68, 55.2962, 2.25104, 300, 0, 0, 43361, 0, 0, 0, 0, 0, 0, 0, '', 0);
INSERT INTO `creature` VALUES (280009454, 5000201, 0, 1519, 9171, '0', 0, 0, 0, -1, 0, 0, -8185.85, 798.301, 74.3587, 5.25911, 300, 0, 0, 43361, 0, 0, 0, 0, 0, 0, 0, '', 0);
INSERT INTO `creature` VALUES (280009458, 5000201, 1220, 7637, 9502, '0', 0, 0, 0, -1, 0, 0, 270.144, 3357.1, 145.444, 5.89839, 300, 0, 0, 43361, 0, 0, 0, 0, 0, 0, 0, '', 0);
INSERT INTO `creature` VALUES (280009464, 5000201, 1220, 7731, 7999, '0', 0, 0, 0, -1, 0, 0, 4098.56, 4379.61, 670.625, 2.812, 300, 0, 0, 43361, 0, 0, 0, 0, 0, 0, 0, '', 0);
INSERT INTO `creature` VALUES (280009485, 5000201, 609, 4298, 4356, '0', 0, 0, 0, -1, 0, 0, 2357.4, -5649.1, 426.09, 4.50741, 300, 0, 0, 43361, 0, 0, 0, 0, 0, 0, 0, '', 0);
INSERT INTO `creature` VALUES (280009582, 5000201, 1, 1637, 5332, '0', 0, 0, 0, -1, 0, 0, 1566.24, -4203.59, 53.8915, 1.09909, 300, 0, 0, 43361, 0, 0, 0, 0, 0, 0, 0, '', 0);
INSERT INTO `creature` VALUES (280010335, 5000201, 0, 1519, 5148, '0', 0, 0, 0, -1, 0, 0, -8846.47, 627.342, 94.5958, 0.360584, 300, 0, 0, 43361, 0, 0, 0, 0, 0, 0, 0, '', 0);

INSERT INTO `creature` VALUES (280009411, 5000202, 0, 6170, 9, '0', 0, 0, 0, -1, 0, 0, -8937.33, -130.819, 82.2627, 1.40741, 300, 0, 0, 43361, 0, 0, 0, 0, 0, 0, 0, '', 0);
INSERT INTO `creature` VALUES (280010132, 5000202, 1, 6453, 5691, '0', 0, 0, 0, -1, 0, 0, -1161.41, -5284.96, 1.5485, 2.41066, 300, 0, 0, 43361, 0, 0, 0, 0, 0, 0, 0, '', 0);
INSERT INTO `creature` VALUES (280010145, 5000202, 2081, 10028, 10028, '0', 0, 0, 0, -1, 0, 0, 1642.81, 512.693, 201.416, 2.01297, 300, 0, 0, 43361, 0, 0, 0, 0, 0, 0, 0, '', 0);
INSERT INTO `creature` VALUES (280010147, 5000202, 1220, 7637, 9502, '0', 0, 0, 0, -1, 0, 0, 277.041, 3360.01, 145.444, 5.44522, 300, 0, 0, 43361, 0, 0, 0, 0, 0, 0, 0, '', 0);
INSERT INTO `creature` VALUES (280010141, 5000202, 1860, 9359, 9359, '0', 0, 0, 0, -1, 0, 0, 471.652, 1461.39, 757.451, 3.84364, 300, 0, 0, 43361, 0, 0, 0, 0, 0, 0, 0, '', 0);
INSERT INTO `creature` VALUES (280009626, 5000202, 648, 4737, 4765, '0', 0, 0, 0, -1, 0, 0, -8428.3, 1332.28, 102.163, 0.0431933, 300, 0, 0, 43361, 0, 0, 0, 0, 0, 0, 0, '', 0);
INSERT INTO `creature` VALUES (280009414, 5000202, 0, 6176, 132, '0', 0, 0, 0, -1, 0, 0, -6216.63, 334.257, 383.298, 3.48953, 300, 0, 0, 43361, 0, 0, 0, 0, 0, 0, 0, '', 0);
INSERT INTO `creature` VALUES (280009419, 5000202, 1, 6450, 188, '0', 0, 0, 0, -1, 0, 0, 10325.4, 840.434, 1326.49, 4.28417, 300, 0, 0, 43361, 0, 0, 0, 0, 0, 0, 0, '', 0);
INSERT INTO `creature` VALUES (280009422, 5000202, 0, 1, 5495, '0', 0, 0, 0, -1, 0, 0, -4976.8, 865.932, 274.31, 2.79689, 300, 0, 0, 43361, 0, 0, 0, 0, 0, 0, 0, '', 0);
INSERT INTO `creature` VALUES (280009426, 5000202, 530, 6456, 3526, '0', 0, 0, 0, -1, 0, 0, -3977.21, -13915.6, 99.5059, 6.15121, 300, 0, 0, 43361, 0, 0, 0, 0, 0, 0, 0, '', 0);
INSERT INTO `creature` VALUES (280009429, 5000202, 654, 4755, 4756, '0', 0, 0, 0, -1, 0, 0, -1435.47, 1404.12, 35.556, 3.17699, 300, 0, 0, 43361, 0, 0, 0, 0, 0, 0, 0, '', 0);
INSERT INTO `creature` VALUES (280009432, 5000202, 1, 6451, 363, '0', 0, 0, 0, -1, 0, 0, -606.148, -4241.11, 38.9565, 3.69766, 300, 0, 0, 43361, 0, 0, 0, 0, 0, 0, 0, '', 0);
INSERT INTO `creature` VALUES (280009435, 5000202, 0, 6454, 5692, '0', 0, 0, 0, -1, 0, 0, 1687.79, 1686.81, 136.839, 0.221552, 300, 0, 0, 43361, 0, 0, 0, 0, 0, 0, 0, '', 0);
INSERT INTO `creature` VALUES (280009439, 5000202, 1, 6452, 221, '0', 0, 0, 0, -1, 0, 0, -2920.57, -263.642, 59.6843, 0.667583, 300, 0, 0, 43361, 0, 0, 0, 0, 0, 0, 0, '', 0);
INSERT INTO `creature` VALUES (280009445, 5000202, 530, 6455, 3431, '0', 0, 0, 0, -1, 0, 0, 10368, -6367.69, 36.1017, 2.29776, 300, 0, 0, 43361, 0, 0, 0, 0, 0, 0, 0, '', 0);
INSERT INTO `creature` VALUES (280009448, 5000202, 860, 5736, 5834, '0', 0, 0, 0, -1, 0, 0, 1418.21, 3463.92, 170.671, 0.0199785, 300, 0, 0, 43361, 0, 0, 0, 0, 0, 0, 0, '', 0);
INSERT INTO `creature` VALUES (280009451, 5000202, 1865, 9415, 9415, '0', 0, 0, 0, -1, 0, 0, 2144.36, 3307.63, 55.2874, 2.59661, 300, 0, 0, 43361, 0, 0, 0, 0, 0, 0, 0, '', 0);
INSERT INTO `creature` VALUES (280009583, 5000202, 1, 1637, 5332, '0', 0, 0, 0, -1, 0, 0, 1569.14, -4204.81, 53.886, 0.91845, 300, 0, 0, 43361, 0, 0, 0, 0, 0, 0, 0, '', 0);
INSERT INTO `creature` VALUES (280009455, 5000202, 0, 1519, 9171, '0', 0, 0, 0, -1, 0, 0, -8188.57, 794.793, 73.7907, 5.42405, 300, 0, 0, 43361, 0, 0, 0, 0, 0, 0, 0, '', 0);
INSERT INTO `creature` VALUES (280009465, 5000202, 1220, 7731, 7999, '0', 0, 0, 0, -1, 0, 0, 4099.26, 4388.55, 670.625, 3.35392, 300, 0, 0, 43361, 0, 0, 0, 0, 0, 0, 0, '', 0);
INSERT INTO `creature` VALUES (280009486, 5000202, 609, 4298, 4342, '0', 0, 0, 0, -1, 0, 0, 2360.97, -5648.96, 426.109, 4.77523, 300, 0, 0, 43361, 0, 0, 0, 0, 0, 0, 0, '', 0);
INSERT INTO `creature` VALUES (280010333, 5000202, 1, 1637, 5170, '0', 0, 0, 0, -1, 0, 0, 1597.12, -4432.02, 14.0553, 1.53053, 300, 0, 0, 43361, 0, 0, 0, 0, 0, 0, 0, '', 0);
INSERT INTO `creature` VALUES (280010336, 5000202, 0, 1519, 5148, '0', 0, 0, 0, -1, 0, 0, -8845.01, 623.458, 94.1627, 0.360584, 300, 0, 0, 43361, 0, 0, 0, 0, 0, 0, 0, '', 0);

INSERT INTO `creature` VALUES (280010150, 1000000, 1, 1637, 5332, '0', 0, 0, 0, -1, 0, 0, 1573.03, -4207.21, 53.8246, 1.72113, 300, 0, 0, 43361, 0, 0, 0, 0, 0, 0, 0, '', 0);
INSERT INTO `creature` VALUES (280010151, 1000000, 1, 1637, 5170, '0', 0, 0, 0, -1, 0, 0, 1593.89, -4424.84, 14.4059, 1.16858, 300, 0, 0, 43361, 0, 0, 0, 0, 0, 0, 0, '', 0);
INSERT INTO `creature` VALUES (280010125, 1000000, 530, 6456, 3526, '0', 0, 0, 0, -1, 0, 0, -3972.6, -13921.8, 100.201, 5.52761, 300, 0, 0, 43361, 0, 0, 0, 0, 0, 0, 0, '', 0);
INSERT INTO `creature` VALUES (280010127, 1000000, 1, 6451, 363, '0', 0, 0, 0, -1, 0, 0, -607.127, -4254.34, 38.9563, 2.88791, 300, 0, 0, 43361, 0, 0, 0, 0, 0, 0, 0, '', 0);
INSERT INTO `creature` VALUES (280010128, 1000000, 0, 6454, 5692, '0', 0, 0, 0, -1, 0, 0, 1688.14, 1693.83, 137.081, 5.55048, 300, 0, 0, 43361, 0, 0, 0, 0, 0, 0, 0, '', 0);
INSERT INTO `creature` VALUES (280010129, 1000000, 1, 6452, 221, '0', 0, 0, 0, -1, 0, 0, -2911.95, -271.237, 60.0732, 1.62184, 300, 0, 0, 43361, 0, 0, 0, 0, 0, 0, 0, '', 0);
INSERT INTO `creature` VALUES (280010158, 1000000, 1481, 7705, 7705, '0', 0, 0, 0, -1, 0, 0, 1175.02, 3205.12, 51.7174, 0.960002, 300, 0, 0, 43361, 0, 0, 0, 0, 0, 0, 0, '', 0);
INSERT INTO `creature` VALUES (280010155, 1000000, 1220, 8445, 8445, '0', 0, 0, 0, -1, 0, 0, -850.616, 4294.89, 746.281, 6.22113, 300, 0, 0, 43361, 0, 0, 0, 0, 0, 0, 0, '', 0);
INSERT INTO `creature` VALUES (280010153, 1000000, 0, 1519, 5148, '0', 0, 0, 0, -1, 0, 0, -8832.72, 637.099, 94.9133, 4.51523, 300, 0, 0, 43361, 0, 0, 0, 0, 0, 0, 0, '', 0);
INSERT INTO `creature` VALUES (280010154, 1000000, 571, 2817, 4553, '0', 0, 0, 0, -1, 0, 0, 5800.33, 632.518, 647.472, 5.00227, 300, 0, 0, 43361, 0, 0, 0, 0, 0, 0, 0, '', 0);
INSERT INTO `creature` VALUES (280010146, 1000000, 2081, 10028, 10028, '0', 0, 0, 0, -1, 0, 0, 1646.59, 519.289, 201.397, 2.98608, 300, 0, 0, 43361, 0, 0, 0, 0, 0, 0, 0, '', 0);
INSERT INTO `creature` VALUES (280010149, 1000000, 1220, 7503, 7731, '0', 0, 0, 0, -1, 0, 0, 4096.22, 4374.72, 670.624, 2.3274, 300, 0, 0, 43361, 0, 0, 0, 0, 0, 0, 0, '', 0);
INSERT INTO `creature` VALUES (280010137, 1000000, 1865, 9415, 9415, '0', 0, 0, 0, -1, 0, 0, 2145.27, 3312.68, 55.1939, 3.19745, 300, 0, 0, 43361, 0, 0, 0, 0, 0, 0, 0, '', 0);
INSERT INTO `creature` VALUES (280010138, 1000000, 0, 1519, 9171, '0', 0, 0, 0, -1, 0, 0, -8179.16, 803.43, 74.4924, 4.78944, 300, 0, 0, 43361, 0, 0, 0, 0, 0, 0, 0, '', 0);
INSERT INTO `creature` VALUES (280010142, 1000000, 1860, 9359, 9359, '0', 0, 0, 0, -1, 0, 0, 481.798, 1460.92, 757.661, 3.56875, 300, 0, 0, 43361, 0, 0, 0, 0, 0, 0, 0, '', 0);
INSERT INTO `creature` VALUES (280010523, 1000000, 654, 4755, 4756, '0', 0, 0, 0, -1, 0, 0, -1435.55, 1401.35, 35.5561, 3.1495, 300, 0, 0, 43361, 0, 0, 0, 0, 0, 0, 0, '', 0);
INSERT INTO `creature` VALUES (280010126, 1000000, 0, 6170, 9, '0', 0, 0, 0, -1, 0, 0, -8938.68, -125.218, 82.3926, 6.27374, 300, 0, 0, 43361, 0, 0, 0, 0, 0, 0, 0, '', 0);
INSERT INTO `creature` VALUES (280010122, 1000000, 1, 6450, 188, '0', 0, 0, 0, -1, 0, 0, 10329.2, 838.155, 1326.24, 3.70533, 300, 0, 0, 43361, 0, 0, 0, 0, 0, 0, 0, '', 0);
INSERT INTO `creature` VALUES (280010121, 1000000, 0, 6176, 132, '0', 0, 0, 0, -1, 0, 0, -6233.16, 345.348, 383.543, 5.03048, 300, 0, 0, 43361, 0, 0, 0, 0, 0, 0, 0, '', 0);
INSERT INTO `creature` VALUES (280010133, 1000000, 1, 6453, 5691, '0', 0, 0, 0, -1, 0, 0, -1162.56, -5273.22, 0.876592, 3.65159, 300, 0, 0, 43361, 0, 0, 0, 0, 0, 0, 0, '', 0);
INSERT INTO `creature` VALUES (280010124, 1000000, 0, 1, 1, '0', 0, 0, 0, -1, 0, 0, -4984.81, 864.548, 274.311, 1.0054, 300, 0, 0, 43361, 0, 0, 0, 0, 0, 0, 0, '', 0);
INSERT INTO `creature` VALUES (10517904, 1000000, 0, 1519, 1519, '0', 0, 0, 0, -1, 0, 0, -8779.12, 339.722, 107.296, 1.42917, 300, 0, 0, 8633, 0, 0, 0, 0, 0, 0, 0, '', 0);
INSERT INTO `creature` VALUES (280010134, 1000000, 530, 6455, 3431, '0', 0, 0, 0, -1, 0, 0, 10370.5, -6364.45, 35.6097, 2.81063, 300, 0, 0, 43361, 0, 0, 0, 0, 0, 0, 0, '', 0);
INSERT INTO `creature` VALUES (280010135, 1000000, 648, 4737, 4765, '0', 0, 0, 0, -1, 0, 0, -8427.69, 1329.03, 101.943, 0.274877, 300, 0, 0, 43361, 0, 0, 0, 0, 0, 0, 0, '', 0);
INSERT INTO `creature` VALUES (280010136, 1000000, 860, 5736, 5834, '0', 0, 0, 0, -1, 0, 0, 1422.47, 3460.17, 171.161, 0.459806, 300, 0, 0, 43361, 0, 0, 0, 0, 0, 0, 0, '', 0);
INSERT INTO `creature` VALUES (280010148, 1000000, 1220, 7637, 9502, '0', 0, 0, 0, -1, 0, 0, 284.43, 3367.05, 145.444, 5.14912, 300, 0, 0, 43361, 0, 0, 0, 0, 0, 0, 0, '', 0);
INSERT INTO `creature` VALUES (280010216, 1000000, 609, 4298, 4356, '0', 0, 0, 0, -1, 0, 0, 2371.39, -5665.61, 426.108, 2.82933, 300, 0, 0, 43361, 0, 0, 0, 0, 0, 0, 0, '', 0);
INSERT INTO `creature` VALUES (280010492, 1000000, 654, 0, 0, '\0', 0, 0, 0, -1, 0, 0, -1435.76, 1401.36, 35.5561, 2.98378, 300, 0, 0, 43361, 0, 0, 0, 0, 0, 0, 0, '', 0);


-- Creature_template

INSERT INTO `creature_template` VALUES (5000200, 0, 0, 0, 0, 0, 'Héritage (Armures)', NULL, 'Az\'gath', NULL, NULL, 0, 120, 120, 0, 0, 0, 35, 128, 1, 1.14286, 1, 0, 0, 1500, 2000, 1, 1, 1, 0, 2048, 0, 0, 0, 0, 0, 0, 7, 0, 0, 5000200, 0, 0, 0, 0, 0, 0, 0, 0, 0, 0, 0, 0, 0, 0, 0, 0, 0, 0, 0, '', 0, 3, 1, 1, 1, 1, 1, 1, 1, 1, 0, 0, 0, 0, 0, 1, 0, 0, '', 28153);
INSERT INTO `creature_template` VALUES (5000201, 0, 0, 0, 0, 0, 'Héritage (Armes)', NULL, 'Az\'gath', NULL, NULL, 0, 120, 120, 0, 0, 0, 35, 128, 1, 1.14286, 1, 0, 0, 1500, 2000, 1, 1, 1, 0, 2048, 0, 0, 0, 0, 0, 0, 7, 0, 0, 5000200, 0, 0, 0, 0, 0, 0, 0, 0, 0, 0, 0, 0, 0, 0, 0, 0, 0, 0, 0, '', 0, 3, 1, 1, 1, 1, 1, 1, 1, 1, 0, 0, 0, 0, 0, 1, 0, 0, '', 28153);
INSERT INTO `creature_template` VALUES (5000202, 0, 0, 0, 0, 0, 'Héritage (Accessoire)', NULL, 'Az\'gath', NULL, NULL, 0, 120, 120, 0, 0, 0, 35, 128, 1, 1.14286, 1, 0, 0, 1500, 2000, 1, 1, 1, 0, 2048, 0, 0, 0, 0, 0, 0, 7, 0, 0, 5000200, 0, 0, 0, 0, 0, 0, 0, 0, 0, 0, 0, 0, 0, 0, 0, 0, 0, 0, 0, '', 0, 3, 1, 1, 1, 1, 1, 1, 1, 1, 0, 0, 0, 0, 0, 1, 0, 0, '', 28153);

UPDATE `creature_template` SET `name` = 'Crick Serre-Boulons' WHERE `entry` = 1000000;
UPDATE `creature_template` SET `subname` = 'Rate Modifier EXP' WHERE `entry` = 1000000;

UPDATE `creature_template` SET `name` = 'Heirloom (Accessory)' WHERE `entry` = 5000202;
UPDATE `creature_template` SET `name` = 'Heirloom (Weapons)' WHERE `entry` = 5000201;
UPDATE `creature_template` SET `name` = 'Heirloom (Armor)' WHERE `entry` = 5000200;

-- Creature_template_model

INSERT INTO `creature_template_model` VALUES (5000200, 0, 45694, 1, 0, 28153);
INSERT INTO `creature_template_model` VALUES (5000201, 0, 41809, 1, 0, 28153);
INSERT INTO `creature_template_model` VALUES (5000202, 0, 42623, 1, 0, 28153);

UPDATE `creature_template_model` SET `CreatureDisplayID` = 14379 WHERE `CreatureID` = 1000000 AND `CreatureDisplayID` = 0;
UPDATE `creature_template_model` SET `CreatureDisplayID` = 14379 WHERE `CreatureID` = 1000000 AND `Idx` = 0;

-- Npc_vendor

INSERT INTO `npc_vendor` VALUES (5000200, 7, 122245, 0, 0, 5545, -1, 1, NULL, 0, 0, 30706);
INSERT INTO `npc_vendor` VALUES (5000200, 19, 122246, 0, 0, 5545, -1, 1, NULL, 0, 0, 30706);
INSERT INTO `npc_vendor` VALUES (5000200, 18, 122247, 0, 0, 5545, -1, 1, NULL, 0, 0, 30706);
INSERT INTO `npc_vendor` VALUES (5000200, 28, 122248, 0, 0, 5545, -1, 1, NULL, 0, 0, 30706);
INSERT INTO `npc_vendor` VALUES (5000200, 29, 122249, 0, 0, 5545, -1, 1, NULL, 0, 0, 30706);
INSERT INTO `npc_vendor` VALUES (5000200, 38, 122250, 0, 0, 5545, -1, 1, NULL, 0, 0, 30706);
INSERT INTO `npc_vendor` VALUES (5000200, 17, 122251, 0, 0, 5545, -1, 1, NULL, 0, 0, 30706);
INSERT INTO `npc_vendor` VALUES (5000200, 27, 122252, 0, 0, 5545, -1, 1, NULL, 0, 0, 30706);
INSERT INTO `npc_vendor` VALUES (5000200, 26, 122253, 0, 0, 5545, -1, 1, NULL, 0, 0, 30706);
INSERT INTO `npc_vendor` VALUES (5000200, 36, 122254, 0, 0, 5545, -1, 1, NULL, 0, 0, 30706);
INSERT INTO `npc_vendor` VALUES (5000200, 37, 122255, 0, 0, 5545, -1, 1, NULL, 0, 0, 30706);
INSERT INTO `npc_vendor` VALUES (5000200, 42, 122256, 0, 0, 5545, -1, 1, NULL, 0, 0, 30706);
INSERT INTO `npc_vendor` VALUES (5000200, 45, 122260, 0, 0, 5545, -1, 1, NULL, 0, 0, 30706);
INSERT INTO `npc_vendor` VALUES (5000200, 47, 122261, 0, 0, 5545, -1, 1, NULL, 0, 0, 30706);
INSERT INTO `npc_vendor` VALUES (5000200, 48, 122262, 0, 0, 5545, -1, 1, NULL, 0, 0, 30706);
INSERT INTO `npc_vendor` VALUES (5000200, 6, 122263, 0, 0, 5545, -1, 1, NULL, 0, 0, 30706);
INSERT INTO `npc_vendor` VALUES (5000200, 16, 122264, 0, 0, 5545, -1, 1, NULL, 0, 0, 30706);
INSERT INTO `npc_vendor` VALUES (5000200, 46, 122266, 0, 0, 5545, -1, 1, NULL, 0, 0, 30706);
INSERT INTO `npc_vendor` VALUES (5000200, 1, 122338, 0, 0, 5545, -1, 1, NULL, 0, 0, 30706);
INSERT INTO `npc_vendor` VALUES (5000200, 2, 122340, 0, 0, 5545, -1, 1, NULL, 0, 0, 30706);
INSERT INTO `npc_vendor` VALUES (5000200, 10, 122355, 0, 0, 5545, -1, 1, NULL, 0, 0, 30706);
INSERT INTO `npc_vendor` VALUES (5000200, 21, 122356, 0, 0, 5545, -1, 1, NULL, 0, 0, 30706);
INSERT INTO `npc_vendor` VALUES (5000200, 20, 122357, 0, 0, 5545, -1, 1, NULL, 0, 0, 30706);
INSERT INTO `npc_vendor` VALUES (5000200, 30, 122358, 0, 0, 5545, -1, 1, NULL, 0, 0, 30706);
INSERT INTO `npc_vendor` VALUES (5000200, 31, 122359, 0, 0, 5545, -1, 1, NULL, 0, 0, 30706);
INSERT INTO `npc_vendor` VALUES (5000200, 39, 122360, 0, 0, 5545, -1, 1, NULL, 0, 0, 30706);
INSERT INTO `npc_vendor` VALUES (5000200, 11, 122372, 0, 0, 5545, -1, 1, NULL, 0, 0, 30706);
INSERT INTO `npc_vendor` VALUES (5000200, 8, 122373, 0, 0, 5545, -1, 1, NULL, 0, 0, 30706);
INSERT INTO `npc_vendor` VALUES (5000200, 23, 122374, 0, 0, 5545, -1, 1, NULL, 0, 0, 30706);
INSERT INTO `npc_vendor` VALUES (5000200, 22, 122375, 0, 0, 5545, -1, 1, NULL, 0, 0, 30706);
INSERT INTO `npc_vendor` VALUES (5000200, 32, 122376, 0, 0, 5545, -1, 1, NULL, 0, 0, 30706);
INSERT INTO `npc_vendor` VALUES (5000200, 33, 122377, 0, 0, 5545, -1, 1, NULL, 0, 0, 30706);
INSERT INTO `npc_vendor` VALUES (5000200, 40, 122378, 0, 0, 5545, -1, 1, NULL, 0, 0, 30706);
INSERT INTO `npc_vendor` VALUES (5000200, 25, 122379, 0, 0, 5545, -1, 1, NULL, 0, 0, 30706);
INSERT INTO `npc_vendor` VALUES (5000200, 24, 122380, 0, 0, 5545, -1, 1, NULL, 0, 0, 30706);
INSERT INTO `npc_vendor` VALUES (5000200, 14, 122381, 0, 0, 5545, -1, 1, NULL, 0, 0, 30706);
INSERT INTO `npc_vendor` VALUES (5000200, 35, 122382, 0, 0, 5545, -1, 1, NULL, 0, 0, 30706);
INSERT INTO `npc_vendor` VALUES (5000200, 34, 122383, 0, 0, 5545, -1, 1, NULL, 0, 0, 30706);
INSERT INTO `npc_vendor` VALUES (5000200, 41, 122384, 0, 0, 5545, -1, 1, NULL, 0, 0, 30706);
INSERT INTO `npc_vendor` VALUES (5000200, 13, 122387, 0, 0, 5545, -1, 1, NULL, 0, 0, 30706);
INSERT INTO `npc_vendor` VALUES (5000200, 9, 122388, 0, 0, 5545, -1, 1, NULL, 0, 0, 30706);
INSERT INTO `npc_vendor` VALUES (5000200, 12, 127010, 0, 0, 5545, -1, 1, NULL, 0, 0, 30706);
INSERT INTO `npc_vendor` VALUES (5000200, 15, 127011, 0, 0, 5545, -1, 1, NULL, 0, 0, 30706);
INSERT INTO `npc_vendor` VALUES (5000200, 5, 127012, 0, 0, 5545, -1, 1, NULL, 0, 0, 30706);
INSERT INTO `npc_vendor` VALUES (5000200, 3, 151614, 0, 0, 5545, -1, 1, NULL, 0, 0, 30706);
INSERT INTO `npc_vendor` VALUES (5000200, 44, 166752, 0, 0, 5545, -1, 1, NULL, 0, 0, 30706);
INSERT INTO `npc_vendor` VALUES (5000200, 43, 166770, 0, 0, 5545, -1, 1, NULL, 0, 0, 30706);
INSERT INTO `npc_vendor` VALUES (5000200, 4, 167731, 0, 0, 5545, -1, 1, NULL, 0, 0, 30706);

INSERT INTO `npc_vendor` VALUES (5000201, 1, 122339, 0, 0, 5545, -1, 1, NULL, 0, 0, 30706);
INSERT INTO `npc_vendor` VALUES (5000201, 2, 122341, 0, 0, 5545, -1, 1, NULL, 0, 0, 30706);
INSERT INTO `npc_vendor` VALUES (5000201, 7, 122349, 0, 0, 5545, -1, 1, NULL, 0, 0, 30706);
INSERT INTO `npc_vendor` VALUES (5000201, 23, 122350, 0, 0, 5545, -1, 1, NULL, 0, 0, 30706);
INSERT INTO `npc_vendor` VALUES (5000201, 18, 122351, 0, 0, 5545, -1, 1, NULL, 0, 0, 30706);
INSERT INTO `npc_vendor` VALUES (5000201, 5, 122352, 0, 0, 5545, -1, 1, NULL, 0, 0, 30706);
INSERT INTO `npc_vendor` VALUES (5000201, 14, 122353, 0, 0, 5545, -1, 1, NULL, 0, 0, 30706);
INSERT INTO `npc_vendor` VALUES (5000201, 16, 122354, 0, 0, 5545, -1, 1, NULL, 0, 0, 30706);
INSERT INTO `npc_vendor` VALUES (5000201, 12, 122363, 0, 0, 5545, -1, 1, NULL, 0, 0, 30706);
INSERT INTO `npc_vendor` VALUES (5000201, 24, 122364, 0, 0, 5545, -1, 1, NULL, 0, 0, 30706);
INSERT INTO `npc_vendor` VALUES (5000201, 11, 122365, 0, 0, 5545, -1, 1, NULL, 0, 0, 30706);
INSERT INTO `npc_vendor` VALUES (5000201, 6, 122366, 0, 0, 5545, -1, 1, NULL, 0, 0, 30706);
INSERT INTO `npc_vendor` VALUES (5000201, 15, 122367, 0, 0, 5545, -1, 1, NULL, 0, 0, 30706);
INSERT INTO `npc_vendor` VALUES (5000201, 13, 122368, 0, 0, 5545, -1, 1, NULL, 0, 0, 30706);
INSERT INTO `npc_vendor` VALUES (5000201, 19, 122369, 0, 0, 5545, -1, 1, NULL, 0, 0, 30706);
INSERT INTO `npc_vendor` VALUES (5000201, 17, 122385, 0, 0, 5545, -1, 1, NULL, 0, 0, 30706);
INSERT INTO `npc_vendor` VALUES (5000201, 8, 122386, 0, 0, 5545, -1, 1, NULL, 0, 0, 30706);
INSERT INTO `npc_vendor` VALUES (5000201, 20, 122389, 0, 0, 5545, -1, 1, NULL, 0, 0, 30706);
INSERT INTO `npc_vendor` VALUES (5000201, 25, 122390, 0, 0, 5545, -1, 1, NULL, 0, 0, 30706);
INSERT INTO `npc_vendor` VALUES (5000201, 22, 122391, 0, 0, 5545, -1, 1, NULL, 0, 0, 30706);
INSERT INTO `npc_vendor` VALUES (5000201, 21, 122392, 0, 0, 5545, -1, 1, NULL, 0, 0, 30706);
INSERT INTO `npc_vendor` VALUES (5000201, 26, 122396, 0, 0, 5545, -1, 1, NULL, 0, 0, 30706);
INSERT INTO `npc_vendor` VALUES (5000201, 9, 131733, 0, 0, 5545, -1, 1, NULL, 0, 0, 30706);
INSERT INTO `npc_vendor` VALUES (5000201, 10, 140773, 0, 0, 5545, -1, 1, NULL, 0, 0, 30706);
INSERT INTO `npc_vendor` VALUES (5000201, 3, 151615, 0, 0, 5545, -1, 1, NULL, 0, 0, 30706);
INSERT INTO `npc_vendor` VALUES (5000201, 4, 167732, 0, 0, 5545, -1, 1, NULL, 0, 0, 30706);

INSERT INTO `npc_vendor` VALUES (5000202, 14, 122361, 0, 0, 5545, -1, 1, NULL, 0, 0, 30706);
INSERT INTO `npc_vendor` VALUES (5000202, 15, 122362, 0, 0, 5545, -1, 1, NULL, 0, 0, 30706);
INSERT INTO `npc_vendor` VALUES (5000202, 23, 122370, 0, 0, 5545, -1, 1, NULL, 0, 0, 30706);
INSERT INTO `npc_vendor` VALUES (5000202, 28, 122371, 0, 0, 0, -1, 1, NULL, 0, 0, 0);
INSERT INTO `npc_vendor` VALUES (5000202, 11, 122529, 0, 0, 5545, -1, 1, NULL, 0, 0, 30706);
INSERT INTO `npc_vendor` VALUES (5000202, 16, 122530, 0, 0, 5545, -1, 1, NULL, 0, 0, 30706);
INSERT INTO `npc_vendor` VALUES (5000202, 6, 122662, 0, 0, 5545, -1, 1, NULL, 0, 0, 30706);
INSERT INTO `npc_vendor` VALUES (5000202, 2, 122663, 0, 0, 5545, -1, 1, NULL, 0, 0, 30706);
INSERT INTO `npc_vendor` VALUES (5000202, 4, 122664, 0, 0, 5545, -1, 1, NULL, 0, 0, 30706);
INSERT INTO `npc_vendor` VALUES (5000202, 3, 122666, 0, 0, 5545, -1, 1, NULL, 0, 0, 30706);
INSERT INTO `npc_vendor` VALUES (5000202, 5, 122667, 0, 0, 5545, -1, 1, NULL, 0, 0, 30706);
INSERT INTO `npc_vendor` VALUES (5000202, 7, 122668, 0, 0, 5545, -1, 1, NULL, 0, 0, 30706);
INSERT INTO `npc_vendor` VALUES (5000202, 12, 126948, 0, 0, 5545, -1, 1, NULL, 0, 0, 30706);
INSERT INTO `npc_vendor` VALUES (5000202, 13, 126949, 0, 0, 5545, -1, 1, NULL, 0, 0, 30706);
INSERT INTO `npc_vendor` VALUES (5000202, 10, 128169, 0, 0, 5545, -1, 1, NULL, 0, 0, 30706);
INSERT INTO `npc_vendor` VALUES (5000202, 9, 128172, 0, 0, 5545, -1, 1, NULL, 0, 0, 30706);
INSERT INTO `npc_vendor` VALUES (5000202, 8, 128173, 0, 0, 5545, -1, 1, NULL, 0, 0, 30706);
INSERT INTO `npc_vendor` VALUES (5000202, 17, 128318, 0, 0, 5545, -1, 1, NULL, 0, 0, 30706);
INSERT INTO `npc_vendor` VALUES (5000202, 1, 153130, 0, 0, 5545, -1, 1, NULL, 0, 0, 30706);
INSERT INTO `npc_vendor` VALUES (5000202, 24, 166753, 0, 0, 5545, -1, 1, NULL, 0, 0, 30706);
INSERT INTO `npc_vendor` VALUES (5000202, 27, 166754, 0, 0, 5545, -1, 1, NULL, 0, 0, 30706);
INSERT INTO `npc_vendor` VALUES (5000202, 26, 166755, 0, 0, 5545, -1, 1, NULL, 0, 0, 30706);
INSERT INTO `npc_vendor` VALUES (5000202, 25, 166756, 0, 0, 5545, -1, 1, NULL, 0, 0, 30706);
INSERT INTO `npc_vendor` VALUES (5000202, 21, 166766, 0, 0, 5545, -1, 1, NULL, 0, 0, 30706);
INSERT INTO `npc_vendor` VALUES (5000202, 22, 166767, 0, 0, 5545, -1, 1, NULL, 0, 0, 30706);
INSERT INTO `npc_vendor` VALUES (5000202, 20, 166768, 0, 0, 5545, -1, 1, NULL, 0, 0, 30706);
INSERT INTO `npc_vendor` VALUES (5000202, 19, 166769, 0, 0, 5545, -1, 1, NULL, 0, 0, 30706);
